-- ------------------------
-- Table data for area_info
-- 园区 - 数据
INSERT INTO area_info(area_no, area_name, provice_id, city_id, area_id, address, jigou) VALUES
  ("hz","湖州",11,94,971,"某某大道100号","中节能"),
  ("xhgj","西湖国际",11,94,971,"某莫某路10000号","中节能");

-- ----------------------------
-- Table data for building_info
-- 大楼 - 数据
-- ----------------------------
INSERT INTO building_info(building_no, building_name, area_id) VALUES
  ("01","B1",1),
  ("02","B3",1),
  ("03","B7",1),
  ("04","B2",1),
  ("05","B5",1),
  ("06","B6",1),
  ("07","V6",1),
  ("08","V7",1),
  ("09","V8",1),
  ("10","V10",1),
  ("11","V11",1),
  ("12","A10",1),
  ("13","A16",1),
  ("14","B8",1),
  ("15","B9",1),
  ("16","B10",1),
  ("17","B11",1),
  ("18","B12",1),
  ("19","食堂",1),
  ("20","V1",1),
  ("21","V2",1),
  ("22","V3",1),
  ("23","V12",1),
  ("24","V5",1),
  ("25","A21",1),
  ("26","A22",1),
  ("27","A11",1),
  ("28","A12",1),
  ("29","A15",1),
  ("30","A18",1),
  ("31","A19",1),
  ("32","A17",1),
  ("33","A1",1),
  ("34","A2",1),
  ("35","A3",1),
  ("36","A5",1),
  ("37","A6",1),
  ("38","A7",1),
  ("39","A8",1),
  ("40","A9",1);

INSERT INTO company_info(company_no, company_name, area_id) VALUES
  ("01","湖州三盟纺织科技有限公司",1),
  ("02","湖州隆成智能科技有限公司",1),
  ("03","湖州恩赐智能科技有限公司",1),
  ("04","湖州市宇恒网络科技有限公司",1),
  ("05","湖州丽锦环保科技有限公司",1),
  ("06","湖州织里派格锐思电子商务有限公司",1),
  ("07","浙江家宇信息科技有限公司",1),
  ("08","V7",1),
  ("09","湖州凯妍生物科技有限公司",1),
  ("10","湖州亿意质量技术服务有限公司",1),
  ("11","V11",1),
  ("12","A10",1),
  ("13","湖州恒怡节能科技有限公司",1),
  ("14","B8",1),
  ("15","湖州织里沂鑫环保科技有限公司",1),
  ("16","湖州舒乐网络科技有限公司",1),
  ("17","湖州优创电子商务有限公司",1),
  ("18","B12",1),
  ("19","食堂",1),
  ("20","V1",1),
  ("21","V2",1),
  ("22","V3",1),
  ("23","V12",1),
  ("24","V5",1),
  ("25","闵利强",1),
  ("26","浙江拿酒网供应链管理有限公司",1),
  ("27","浙江久厨节能科技有限公司",1),
  ("28","湖州君皓环保材料有限公司",1),
  ("29","湖州朗途合金科技有限公司",1),
  ("30","湖州三荣节能环保产品贸易有限公司",1),
  ("31","浙江国鼎环境工程有限公司",1),
  ("32","浙江德赛堡建筑材料科技有限公司",1),
  ("33","湖州宇豪网络科技有限公司",1),
  ("34","湖州隆成智能科技有限公司",1),
  ("35","湖州创鼎实业有限公司",1),
  ("36","湖州创鼎实业有限公司",1),
  ("37","湖州赛德新材料科技有限公司",1),
  ("38","湖州三鼎信息科技有限公司",1),
  ("39","湖州酷美特智能科技有限公司",1);

INSERT INTO building_company VALUES
  (1,1),
  (2,2),
  (3,3),
  (4,4),
  (5,5),
  (6,6),
  (7,7),
  (8,8),
  (9,9),
  (10,10),
  (11,11),
  (12,12),
  (13,13),
  (14,14),
  (15,15),
  (16,16),
  (17,17),
  (18,18),
  (19,19),
  (20,20),
  (21,21),
  (22,22),
  (23,23),
  (24,24),
  (25,25),
  (26,26),
  (27,27),
  (28,28),
  (29,29),
  (30,30),
  (31,31),
  (32,32),
  (33,33),
  (34,34),
  (35,35),
  (36,36),
  (37,37),
  (38,38),
  (39,38),
  (40,39);

-- -----------------------
-- Data for collector_info
-- 采集器 - 数据
-- ------------------------
INSERT INTO collector_info(number, building_id, address) VALUES
  ("001",1,"东北角"),
  ("002",2,"大门口"),
  ("003",3,"西北角"),
  ("004",4,"东南角"),
  ("005",5,"正东");

INSERT INTO power_info(company_id,state) VALUES
  (1,TRUE ),
  (2,TRUE ),
  (3,TRUE ),
  (4,TRUE ),
  (5,TRUE ),
  (6,TRUE ),
  (7,TRUE ),
  (8,TRUE ),
  (9,TRUE ),
  (10,TRUE ),
  (11,TRUE ),
  (12,TRUE ),
  (13,TRUE ),
  (14,TRUE ),
  (15,TRUE ),
  (16,TRUE ),
  (17,TRUE ),
  (18,TRUE ),
  (19,TRUE ),
  (20,TRUE ),
  (21,TRUE ),
  (22,TRUE ),
  (23,TRUE ),
  (24,TRUE ),
  (25,TRUE ),
  (26,TRUE ),
  (27,TRUE ),
  (28,TRUE ),
  (29,TRUE ),
  (30,TRUE ),
  (31,TRUE ),
  (32,TRUE ),
  (33,TRUE ),
  (34,TRUE ),
  (35,TRUE ),
  (36,TRUE ),
  (37,TRUE ),
  (38,TRUE ),
  (38,TRUE ),
  (39,TRUE );

INSERT INTO power_meter_record(power_info_id,epp,read_time)VALUES
  (1,11610110758,"2016-10-11 07:58:00"),
  (1,11610110801,"2016-10-11 08:01:00"),
  (1,11610110802,"2016-10-11 08:02:00"),
  (1,11610111200,"2016-10-11 12:00:00"),
  (1,11610111400,"2016-10-11 14:00:00"),
  (1,11610111600,"2016-10-11 16:00:00"),
  (1,11611110758,"2016-11-11 07:58:00"),
  (1,11611110801,"2016-11-11 08:01:00"),
  (1,11611110802,"2016-11-11 08:02:00"),
  (1,11611111200,"2016-11-11 12:00:00"),
  (1,11611111400,"2016-11-11 14:00:00"),
  (1,11611111600,"2016-11-11 16:00:00"),
  (1,11710110758,"2017-10-11 07:58:00"),
  (1,11710110801,"2017-10-11 08:01:00"),
  (1,11710110802,"2017-10-11 08:02:00"),
  (1,11710111200,"2017-10-11 12:00:00"),
  (1,11710111400,"2017-10-11 14:00:00"),
  (1,11710111600,"2017-10-11 16:00:00"),
  (1,11711110758,"2017-11-11 07:58:00"),
  (1,11711110801,"2017-11-11 08:01:00"),
  (1,11711110802,"2017-11-11 08:02:00"),
  (1,11711111200,"2017-11-11 12:00:00"),
  (1,11711111400,"2017-11-11 14:00:00"),
  (1,11711111600,"2017-11-11 16:00:00"),
  (2,21610110758,"2016-10-11 07:58:00"),
  (2,21610110801,"2016-10-11 08:01:00"),
  (2,21610110802,"2016-10-11 08:02:00"),
  (2,21610111200,"2016-10-11 12:00:00"),
  (2,21610111400,"2016-10-11 14:00:00"),
  (2,21610111600,"2016-10-11 16:00:00"),
  (2,21611110758,"2016-11-11 07:58:00"),
  (2,21611110801,"2016-11-11 08:01:00"),
  (2,21611110802,"2016-11-11 08:02:00"),
  (2,21611111200,"2016-11-11 12:00:00"),
  (2,21611111400,"2016-11-11 14:00:00"),
  (2,21611111600,"2016-11-11 16:00:00"),
  (2,21710110758,"2017-10-11 07:58:00"),
  (2,21710110801,"2017-10-11 08:01:00"),
  (2,21710110802,"2017-10-11 08:02:00"),
  (2,21710111200,"2017-10-11 12:00:00"),
  (2,21710111400,"2017-10-11 14:00:00"),
  (2,21710111600,"2017-10-11 16:00:00"),
  (2,21711110758,"2017-11-11 07:58:00"),
  (2,21711110801,"2017-11-11 08:01:00"),
  (2,21711110802,"2017-11-11 08:02:00"),
  (2,21711111200,"2017-11-11 12:00:00"),
  (2,21711111400,"2017-11-11 14:00:00"),
  (2,21711111600,"2017-11-11 16:00:00"),
  (3,31610110758,"2016-10-11 07:58:00"),
  (3,31610110801,"2016-10-11 08:01:00"),
  (3,31610110802,"2016-10-11 08:02:00"),
  (3,31610111200,"2016-10-11 12:00:00"),
  (3,31610111400,"2016-10-11 14:00:00"),
  (3,31610111600,"2016-10-11 16:00:00"),
  (3,31611110758,"2016-11-11 07:58:00"),
  (3,31611110801,"2016-11-11 08:01:00"),
  (3,31611110802,"2016-11-11 08:02:00"),
  (3,31611111200,"2016-11-11 12:00:00"),
  (3,31611111400,"2016-11-11 14:00:00"),
  (3,31611111600,"2016-11-11 16:00:00"),
  (3,31710110758,"2017-10-11 07:58:00"),
  (3,31710110801,"2017-10-11 08:01:00"),
  (3,31710110802,"2017-10-11 08:02:00"),
  (3,31710111200,"2017-10-11 12:00:00"),
  (3,31710111400,"2017-10-11 14:00:00"),
  (3,31710111600,"2017-10-11 16:00:00"),
  (3,31711110758,"2017-11-11 07:58:00"),
  (3,31711110801,"2017-11-11 08:01:00"),
  (3,31711110802,"2017-11-11 08:02:00"),
  (3,31711111200,"2017-11-11 12:00:00"),
  (3,31711111400,"2017-11-11 14:00:00"),
  (3,31711111600,"2017-11-11 16:00:00");


INSERT INTO power_meter_record(power_info_id,epp,read_time)VALUES(4,1,"2017-11-11 16:00:00");

INSERT INTO power_meter_record(power_info_id,epp,read_time)VALUES
  (5,0.9,"2017-10-11 16:00:00"),
  (5,1.1,"2017-11-11 16:00:00");

INSERT INTO collector_info(building_id,power_water,available)VALUES
  (1,0,1),
  (2,0,1),
  (3,0,1),
  (4,0,1),
  (5,0,1),
  (6,0,1),
  (7,0,1),
  (8,0,1),
  (9,0,1),
  (10,0,1),
  (11,0,1),
  (12,0,1),
  (13,0,1),
  (14,0,1),
  (15,0,1),
  (16,0,1),
  (17,0,1),
  (18,0,1),
  (19,0,1),
  (20,0,1),
  (21,0,1),
  (22,0,1),
  (23,0,1),
  (24,0,1),
  (25,0,1),
  (26,0,1),
  (27,0,1),
  (28,0,1),
  (29,0,1),
  (30,0,1),
  (31,0,1),
  (32,0,1),
  (33,0,1),
  (34,0,1),
  (35,0,1),
  (36,0,1),
  (37,0,1),
  (38,0,1),
  (39,0,1),
  (40,0,1);


INSERT INTO water_info (collector_id,company_id,state)VALUES
  (1,1,1),
  (2,2,1),
  (3,3,1),
  (4,4,1),
  (5,5,1),
  (6,6,1),
  (7,7,1),
  (8,8,1),
  (9,9,1),
  (10,10,1),
  (11,11,1),
  (12,12,1),
  (13,13,1),
  (14,14,1),
  (15,15,1),
  (16,16,1),
  (17,17,1),
  (18,18,1),
  (19,19,1),
  (20,20,1),
  (21,21,1),
  (22,22,1),
  (23,23,1),
  (24,24,1),
  (25,25,1),
  (26,26,1),
  (27,27,1),
  (28,28,1),
  (29,29,1),
  (30,30,1),
  (31,31,1),
  (32,32,1),
  (33,33,1),
  (34,34,1),
  (35,35,1),
  (36,36,1),
  (37,37,1),
  (38,38,1),
  (39,38,1),
  (40,39,1);

INSERT INTO water_meter_record (water_info_id, consumption,read_time) VALUES
  (38,100156,"2017-10-01 23:56:54"),
  (38,100158,"2017-10-01 23:58:54"),
  (38,100256,"2017-10-02 23:56:54"),
  (38,100258,"2017-10-02 23:58:54"),
  (38,100356,"2017-10-03 23:56:54"),
  (38,100358,"2017-10-03 23:58:54"),
  (38,100456,"2017-10-04 23:56:54"),
  (38,100458,"2017-10-04 23:58:54"),
  (38,100556,"2017-10-05 23:56:54"),
  (38,100558,"2017-10-05 23:58:54"),
  (38,100656,"2017-10-06 23:56:54"),
  (38,100658,"2017-10-06 23:58:54"),
  (38,100756,"2017-10-07 23:56:54"),
  (38,100758,"2017-10-07 23:58:54"),
  (38,100856,"2017-10-08 23:56:54"),
  (38,100858,"2017-10-08 23:58:54"),
  (38,100956,"2017-10-09 23:56:54"),
  (38,100958,"2017-10-09 23:58:54"),
  (38,101056,"2017-10-10 23:56:54"),
  (38,101058,"2017-10-10 23:58:54"),
  (38,101156,"2017-10-11 23:56:54"),
  (38,101158,"2017-10-11 23:58:54"),
  (38,101256,"2017-10-12 23:56:54"),
  (38,101258,"2017-10-12 23:58:54"),
  (38,101356,"2017-10-13 23:56:54"),
  (38,101358,"2017-10-13 23:58:54"),
  (38,101456,"2017-10-14 23:56:54"),
  (38,101458,"2017-10-14 23:58:54"),
  (38,101556,"2017-10-15 23:56:54"),
  (38,101558,"2017-10-15 23:58:54"),
  (38,101656,"2017-10-16 23:56:54"),
  (38,101658,"2017-10-16 23:58:54"),
  (38,101756,"2017-10-17 23:56:54"),
  (38,101758,"2017-10-17 23:58:54"),
  (38,101856,"2017-10-18 23:56:54"),
  (38,101858,"2017-10-18 23:58:54"),
  (38,101956,"2017-10-19 23:56:54"),
  (38,101958,"2017-10-19 23:58:54"),
  (38,102056,"2017-10-20 23:56:54"),
  (38,102058,"2017-10-20 23:58:54"),
  (38,102156,"2017-10-21 23:56:54"),
  (38,102158,"2017-10-21 23:58:54"),
  (38,102256,"2017-10-22 23:56:54"),
  (38,102258,"2017-10-22 23:58:54"),
  (38,102356,"2017-10-23 23:56:54"),
  (38,102358,"2017-10-23 23:58:54"),
  (38,102456,"2017-10-24 23:56:54"),
  (38,102458,"2017-10-24 23:58:54"),
  (38,102556,"2017-10-25 23:56:54"),
  (38,102558,"2017-10-25 23:58:54"),
  (38,102656,"2017-10-26 23:56:54"),
  (38,102658,"2017-10-26 23:58:54"),
  (38,102756,"2017-10-27 23:56:54"),
  (38,102758,"2017-10-27 23:58:54"),
  (38,102856,"2017-10-28 23:56:54"),
  (38,102858,"2017-10-28 23:58:54"),
  (38,102956,"2017-10-29 23:56:54"),
  (38,102958,"2017-10-29 23:58:54"),
  (38,103056,"2017-10-30 23:56:54"),
  (38,103058,"2017-10-30 23:58:54"),
  (38,103156,"2017-10-31 23:56:54"),
  (38,103158,"2017-10-31 23:58:54"),
  (38,110156,"2017-11-01 23:56:54"),
  (38,110158,"2017-11-01 23:58:54"),
  (38,110256,"2017-11-02 23:56:54"),
  (38,110258,"2017-11-02 23:58:54"),
  (38,110356,"2017-11-03 23:56:54"),
  (38,110358,"2017-11-03 23:58:54"),
  (38,110456,"2017-11-04 23:56:54"),
  (38,110458,"2017-11-04 23:58:54"),
  (38,110556,"2017-11-05 23:56:54"),
  (38,110558,"2017-11-05 23:58:54"),
  (38,110656,"2017-11-06 23:56:54"),
  (38,110658,"2017-11-06 23:58:54"),
  (38,110756,"2017-11-07 23:56:54"),
  (38,110758,"2017-11-07 23:58:54"),
  (38,110856,"2017-11-08 23:56:54"),
  (38,110858,"2017-11-08 23:58:54"),
  (38,110956,"2017-11-09 23:56:54"),
  (38,110958,"2017-11-09 23:58:54"),
  (38,111056,"2017-11-10 23:56:54"),
  (38,111058,"2017-11-10 23:58:54"),
  (38,111156,"2017-11-11 23:56:54"),
  (38,111158,"2017-11-11 23:58:54"),
  (38,111256,"2017-11-12 23:56:54"),
  (38,111258,"2017-11-12 23:58:54"),
  (38,111356,"2017-11-13 23:56:54"),
  (38,111358,"2017-11-13 23:58:54"),
  (38,111456,"2017-11-14 23:56:54"),
  (38,111458,"2017-11-14 23:58:54"),
  (38,111556,"2017-11-15 23:56:54"),
  (38,111558,"2017-11-15 23:58:54"),
  (38,111656,"2017-11-16 23:56:54"),
  (38,111658,"2017-11-16 23:58:54"),
  (38,111756,"2017-11-17 23:56:54"),
  (38,111758,"2017-11-17 23:58:54"),
  (38,111856,"2017-11-18 23:56:54"),
  (38,111858,"2017-11-18 23:58:54"),
  (38,111956,"2017-11-19 23:56:54"),
  (38,111958,"2017-11-19 23:58:54"),
  (38,112056,"2017-11-20 23:56:54"),
  (38,112058,"2017-11-20 23:58:54"),
  (38,112156,"2017-11-21 23:56:54"),
  (38,112158,"2017-11-21 23:58:54"),
  (38,112256,"2017-11-22 23:56:54"),
  (38,112258,"2017-11-22 23:58:54"),
  (38,112356,"2017-11-23 23:56:54"),
  (38,112358,"2017-11-23 23:58:54"),
  (38,112456,"2017-11-24 23:56:54"),
  (38,112458,"2017-11-24 23:58:54"),
  (38,112556,"2017-11-25 23:56:54"),
  (38,112558,"2017-11-25 23:58:54"),
  (38,112656,"2017-11-26 23:56:54"),
  (38,112658,"2017-11-26 23:58:54");

INSERT INTO water_meter_record (water_info_id, consumption,read_time) VALUES
  (39,100156,"2017-10-01 23:56:54"),
  (39,100158,"2017-10-01 23:58:54"),
  (39,100256,"2017-10-02 23:56:54"),
  (39,100258,"2017-10-02 23:58:54"),
  (39,100356,"2017-10-03 23:56:54"),
  (39,100358,"2017-10-03 23:58:54"),
  (39,100456,"2017-10-04 23:56:54"),
  (39,100458,"2017-10-04 23:58:54"),
  (39,100556,"2017-10-05 23:56:54"),
  (39,100558,"2017-10-05 23:58:54"),
  (39,100656,"2017-10-06 23:56:54"),
  (39,100658,"2017-10-06 23:58:54"),
  (39,100756,"2017-10-07 23:56:54"),
  (39,100758,"2017-10-07 23:58:54"),
  (39,100856,"2017-10-08 23:56:54"),
  (39,100858,"2017-10-08 23:58:54"),
  (39,100956,"2017-10-09 23:56:54"),
  (39,100958,"2017-10-09 23:58:54"),
  (39,101056,"2017-10-10 23:56:54"),
  (39,101058,"2017-10-10 23:58:54"),
  (39,101156,"2017-10-11 23:56:54"),
  (39,101158,"2017-10-11 23:58:54"),
  (39,101256,"2017-10-12 23:56:54"),
  (39,101258,"2017-10-12 23:58:54"),
  (39,101356,"2017-10-13 23:56:54"),
  (39,101358,"2017-10-13 23:58:54"),
  (39,101456,"2017-10-14 23:56:54"),
  (39,101458,"2017-10-14 23:58:54"),
  (39,101556,"2017-10-15 23:56:54"),
  (39,101558,"2017-10-15 23:58:54"),
  (39,101656,"2017-10-16 23:56:54"),
  (39,101658,"2017-10-16 23:58:54"),
  (39,101756,"2017-10-17 23:56:54"),
  (39,101758,"2017-10-17 23:58:54"),
  (39,101856,"2017-10-18 23:56:54"),
  (39,101858,"2017-10-18 23:58:54"),
  (39,101956,"2017-10-19 23:56:54"),
  (39,101958,"2017-10-19 23:58:54"),
  (39,102056,"2017-10-20 23:56:54"),
  (39,102058,"2017-10-20 23:58:54"),
  (39,102156,"2017-10-21 23:56:54"),
  (39,102158,"2017-10-21 23:58:54"),
  (39,102256,"2017-10-22 23:56:54"),
  (39,102258,"2017-10-22 23:58:54"),
  (39,102356,"2017-10-23 23:56:54"),
  (39,102358,"2017-10-23 23:58:54"),
  (39,102456,"2017-10-24 23:56:54"),
  (39,102458,"2017-10-24 23:58:54"),
  (39,102556,"2017-10-25 23:56:54"),
  (39,102558,"2017-10-25 23:58:54"),
  (39,102656,"2017-10-26 23:56:54"),
  (39,102658,"2017-10-26 23:58:54"),
  (39,102756,"2017-10-27 23:56:54"),
  (39,102758,"2017-10-27 23:58:54"),
  (39,102856,"2017-10-28 23:56:54"),
  (39,102858,"2017-10-28 23:58:54"),
  (39,102956,"2017-10-29 23:56:54"),
  (39,102958,"2017-10-29 23:58:54"),
  (39,103056,"2017-10-30 23:56:54"),
  (39,103058,"2017-10-30 23:58:54"),
  (39,103156,"2017-10-31 23:56:54"),
  (39,103158,"2017-10-31 23:58:54"),
  (39,110156,"2017-11-01 23:56:54"),
  (39,110158,"2017-11-01 23:58:54"),
  (39,110256,"2017-11-02 23:56:54"),
  (39,110258,"2017-11-02 23:58:54"),
  (39,110356,"2017-11-03 23:56:54"),
  (39,110358,"2017-11-03 23:58:54"),
  (39,110456,"2017-11-04 23:56:54"),
  (39,110458,"2017-11-04 23:58:54"),
  (39,110556,"2017-11-05 23:56:54"),
  (39,110558,"2017-11-05 23:58:54"),
  (39,110656,"2017-11-06 23:56:54"),
  (39,110658,"2017-11-06 23:58:54"),
  (39,110756,"2017-11-07 23:56:54"),
  (39,110758,"2017-11-07 23:58:54"),
  (39,110856,"2017-11-08 23:56:54"),
  (39,110858,"2017-11-08 23:58:54"),
  (39,110956,"2017-11-09 23:56:54"),
  (39,110958,"2017-11-09 23:58:54"),
  (39,111056,"2017-11-10 23:56:54"),
  (39,111058,"2017-11-10 23:58:54"),
  (39,111156,"2017-11-11 23:56:54"),
  (39,111158,"2017-11-11 23:58:54"),
  (39,111256,"2017-11-12 23:56:54"),
  (39,111258,"2017-11-12 23:58:54"),
  (39,111356,"2017-11-13 23:56:54"),
  (39,111358,"2017-11-13 23:58:54"),
  (39,111456,"2017-11-14 23:56:54"),
  (39,111458,"2017-11-14 23:58:54"),
  (39,111556,"2017-11-15 23:56:54"),
  (39,111558,"2017-11-15 23:58:54"),
  (39,111656,"2017-11-16 23:56:54"),
  (39,111658,"2017-11-16 23:58:54"),
  (39,111756,"2017-11-17 23:56:54"),
  (39,111758,"2017-11-17 23:58:54"),
  (39,111856,"2017-11-18 23:56:54"),
  (39,111858,"2017-11-18 23:58:54"),
  (39,111956,"2017-11-19 23:56:54"),
  (39,111958,"2017-11-19 23:58:54"),
  (39,112056,"2017-11-20 23:56:54"),
  (39,112058,"2017-11-20 23:58:54"),
  (39,112156,"2017-11-21 23:56:54"),
  (39,112158,"2017-11-21 23:58:54"),
  (39,112256,"2017-11-22 23:56:54"),
  (39,112258,"2017-11-22 23:58:54"),
  (39,112356,"2017-11-23 23:56:54"),
  (39,112358,"2017-11-23 23:58:54"),
  (39,112456,"2017-11-24 23:56:54"),
  (39,112458,"2017-11-24 23:58:54"),
  (39,112556,"2017-11-25 23:56:54"),
  (39,112558,"2017-11-25 23:58:54"),
  (39,112656,"2017-11-26 23:56:54"),
  (39,112658,"2017-11-26 23:58:54");

INSERT INTO water_meter_record (water_info_id, consumption,read_time) VALUES
  (40,100156,"2017-10-01 23:56:54"),
  (40,100158,"2017-10-01 23:58:54"),
  (40,100256,"2017-10-02 23:56:54"),
  (40,100258,"2017-10-02 23:58:54"),
  (40,100356,"2017-10-03 23:56:54"),
  (40,100656,"2017-10-06 23:56:54"),
  (40,100658,"2017-10-06 23:58:54"),
  (40,100756,"2017-10-07 23:56:54"),
  (40,100758,"2017-10-07 23:58:54"),
  (40,100856,"2017-10-08 23:56:54"),
  (40,100858,"2017-10-08 23:58:54"),
  (40,100956,"2017-10-09 23:56:54"),
  (40,100958,"2017-10-09 23:58:54"),
  (40,101056,"2017-10-10 23:56:54"),
  (40,101058,"2017-10-10 23:58:54"),
  (40,101156,"2017-10-11 23:56:54"),
  (40,101158,"2017-10-11 23:58:54"),
  (40,101256,"2017-10-12 23:56:54"),
  (40,101258,"2017-10-12 23:58:54"),
  (40,101356,"2017-10-13 23:56:54"),
  (40,101856,"2017-10-18 23:56:54"),
  (40,101858,"2017-10-18 23:58:54"),
  (40,101956,"2017-10-19 23:56:54"),
  (40,101958,"2017-10-19 23:58:54"),
  (40,102056,"2017-10-20 23:56:54"),
  (40,102058,"2017-10-20 23:58:54"),
  (40,102156,"2017-10-21 23:56:54"),
  (40,102158,"2017-10-21 23:58:54"),
  (40,102256,"2017-10-22 23:56:54"),
  (40,102558,"2017-10-25 23:58:54"),
  (40,102656,"2017-10-26 23:56:54"),
  (40,102658,"2017-10-26 23:58:54"),
  (40,102756,"2017-10-27 23:56:54"),
  (40,102758,"2017-10-27 23:58:54"),
  (40,102856,"2017-10-28 23:56:54"),
  (40,102858,"2017-10-28 23:58:54"),
  (40,102956,"2017-10-29 23:56:54"),
  (40,102958,"2017-10-29 23:58:54"),
  (40,103056,"2017-10-30 23:56:54"),
  (40,103058,"2017-10-30 23:58:54"),
  (40,103156,"2017-10-31 23:56:54"),
  (40,103158,"2017-10-31 23:58:54"),
  (40,110156,"2017-11-01 23:56:54"),
  (40,110158,"2017-11-01 23:58:54"),
  (40,110256,"2017-11-02 23:56:54"),
  (40,110258,"2017-11-02 23:58:54"),
  (40,110356,"2017-11-03 23:56:54"),
  (40,110358,"2017-11-03 23:58:54"),
  (40,110456,"2017-11-04 23:56:54"),
  (40,110458,"2017-11-04 23:58:54"),
  (40,110556,"2017-11-05 23:56:54"),
  (40,110558,"2017-11-05 23:58:54"),
  (40,110656,"2017-11-06 23:56:54"),
  (40,110658,"2017-11-06 23:58:54"),
  (40,110756,"2017-11-07 23:56:54"),
  (40,110758,"2017-11-07 23:58:54"),
  (40,110856,"2017-11-08 23:56:54"),
  (40,110858,"2017-11-08 23:58:54"),
  (40,110956,"2017-11-09 23:56:54"),
  (40,110958,"2017-11-09 23:58:54"),
  (40,111056,"2017-11-10 23:56:54"),
  (40,111058,"2017-11-10 23:58:54"),
  (40,111156,"2017-11-11 23:56:54"),
  (40,111556,"2017-11-15 23:56:54"),
  (40,111558,"2017-11-15 23:58:54"),
  (40,111656,"2017-11-16 23:56:54"),
  (40,111658,"2017-11-16 23:58:54"),
  (40,111756,"2017-11-17 23:56:54"),
  (40,111758,"2017-11-17 23:58:54"),
  (40,111856,"2017-11-18 23:56:54"),
  (40,111858,"2017-11-18 23:58:54"),
  (40,111956,"2017-11-19 23:56:54"),
  (40,111958,"2017-11-19 23:58:54"),
  (40,112056,"2017-11-20 23:56:54"),
  (40,112456,"2017-11-24 23:56:54"),
  (40,112458,"2017-11-24 23:58:54"),
  (40,112556,"2017-11-25 23:56:54"),
  (40,112558,"2017-11-25 23:58:54"),
  (40,112656,"2017-11-26 23:56:54"),
  (40,112658,"2017-11-26 23:58:54");

INSERT INTO water_meter_record (water_info_id, consumption,read_time) VALUES
  (37,110156,"2017-11-01 23:56:54"),
  (37,110158,"2017-11-01 23:58:54"),
  (37,110256,"2017-11-02 23:56:54"),
  (37,110258,"2017-11-02 23:58:54"),
  (37,110356,"2017-11-03 23:56:54"),
  (37,110358,"2017-11-03 23:58:54"),
  (37,110456,"2017-11-04 23:56:54"),
  (37,110458,"2017-11-04 23:58:54"),
  (37,110556,"2017-11-05 23:56:54"),
  (37,110558,"2017-11-05 23:58:54"),
  (37,110656,"2017-11-06 23:56:54"),
  (37,110658,"2017-11-06 23:58:54"),
  (37,110756,"2017-11-07 23:56:54"),
  (37,110758,"2017-11-07 23:58:54"),
  (37,110856,"2017-11-08 23:56:54"),
  (37,110858,"2017-11-08 23:58:54"),
  (37,110956,"2017-11-09 23:56:54"),
  (37,110958,"2017-11-09 23:58:54"),
  (37,111056,"2017-11-10 23:56:54"),
  (37,111058,"2017-11-10 23:58:54"),
  (37,111156,"2017-11-11 23:56:54"),
  (37,111158,"2017-11-11 23:58:54"),
  (37,111256,"2017-11-12 23:56:54"),
  (37,111258,"2017-11-12 23:58:54"),
  (37,111356,"2017-11-13 23:56:54"),
  (37,111358,"2017-11-13 23:58:54"),
  (37,111456,"2017-11-14 23:56:54"),
  (37,111458,"2017-11-14 23:58:54"),
  (37,111556,"2017-11-15 23:56:54"),
  (37,111558,"2017-11-15 23:58:54"),
  (37,111656,"2017-11-16 23:56:54"),
  (37,111658,"2017-11-16 23:58:54"),
  (37,111756,"2017-11-17 23:56:54"),
  (37,111758,"2017-11-17 23:58:54"),
  (37,111856,"2017-11-18 23:56:54"),
  (37,111858,"2017-11-18 23:58:54"),
  (37,111956,"2017-11-19 23:56:54"),
  (37,111958,"2017-11-19 23:58:54"),
  (37,112056,"2017-11-20 23:56:54"),
  (37,112058,"2017-11-20 23:58:54"),
  (37,112156,"2017-11-21 23:56:54"),
  (37,112158,"2017-11-21 23:58:54"),
  (37,112256,"2017-11-22 23:56:54"),
  (37,112258,"2017-11-22 23:58:54"),
  (37,112356,"2017-11-23 23:56:54"),
  (37,112358,"2017-11-23 23:58:54"),
  (37,112456,"2017-11-24 23:56:54"),
  (37,112458,"2017-11-24 23:58:54"),
  (37,112556,"2017-11-25 23:56:54"),
  (37,112558,"2017-11-25 23:58:54"),
  (37,112656,"2017-11-26 23:56:54"),
  (37,112658,"2017-11-26 23:58:54");


INSERT INTO water_meter_record (water_info_id, consumption,read_time) VALUES
  (36,500003,"2017-11-25 00:00:03"),
  (36,500006,"2017-11-25 00:00:56"),
  (36,500592,"2017-11-25 00:59:02"),
  (36,500599,"2017-11-25 00:59:56"),
  (36,501003,"2017-11-25 01:00:03"),
  (36,501006,"2017-11-25 01:00:56"),
  (36,501592,"2017-11-25 01:59:02"),
  (36,501599,"2017-11-25 01:59:56"),
  (36,502003,"2017-11-25 02:00:03"),
  (36,502006,"2017-11-25 02:00:56"),
  (36,502592,"2017-11-25 02:59:02"),
  (36,502599,"2017-11-25 02:59:56"),
  (36,503003,"2017-11-25 03:00:03"),
  (36,503006,"2017-11-25 03:00:56"),
  (36,503592,"2017-11-25 03:59:02"),
  (36,503599,"2017-11-25 03:59:56"),
  (36,504003,"2017-11-25 04:00:03"),
  (36,504006,"2017-11-25 04:00:56"),
  (36,504592,"2017-11-25 04:59:02"),
  (36,504599,"2017-11-25 04:59:56"),
  (36,505003,"2017-11-25 05:00:03"),
  (36,505006,"2017-11-25 05:00:56"),
  (36,505592,"2017-11-25 05:59:02"),
  (36,505599,"2017-11-25 05:59:56"),
  (36,506003,"2017-11-25 06:00:03"),
  (36,506006,"2017-11-25 06:00:56"),
  (36,506592,"2017-11-25 06:59:02"),
  (36,506599,"2017-11-25 06:59:56"),
  (36,507003,"2017-11-25 07:00:03"),
  (36,507006,"2017-11-25 07:00:56"),
  (36,507592,"2017-11-25 07:59:02"),
  (36,507599,"2017-11-25 07:59:56"),
  (36,508003,"2017-11-25 08:00:03"),
  (36,508006,"2017-11-25 08:00:56"),
  (36,508592,"2017-11-25 08:59:02"),
  (36,508599,"2017-11-25 08:59:56"),
  (36,509003,"2017-11-25 09:00:03"),
  (36,509006,"2017-11-25 09:00:56"),
  (36,509592,"2017-11-25 09:59:02"),
  (36,509599,"2017-11-25 09:59:56"),
  (36,510003,"2017-11-25 10:00:03"),
  (36,510006,"2017-11-25 10:00:56"),
  (36,510592,"2017-11-25 10:59:02"),
  (36,510599,"2017-11-25 10:59:56"),
  (36,511003,"2017-11-25 11:00:03"),
  (36,511006,"2017-11-25 11:00:56"),
  (36,511592,"2017-11-25 11:59:02"),
  (36,511599,"2017-11-25 11:59:56"),
  (36,512003,"2017-11-25 12:00:03"),
  (36,512006,"2017-11-25 12:00:56"),
  (36,512592,"2017-11-25 12:59:02"),
  (36,512599,"2017-11-25 12:59:56"),
  (36,513003,"2017-11-25 13:00:03"),
  (36,513006,"2017-11-25 13:00:56"),
  (36,513592,"2017-11-25 13:59:02"),
  (36,513599,"2017-11-25 13:59:56"),
  (36,514003,"2017-11-25 14:00:03"),
  (36,514006,"2017-11-25 14:00:56"),
  (36,514592,"2017-11-25 14:59:02"),
  (36,514599,"2017-11-25 14:59:56"),
  (36,515003,"2017-11-25 15:00:03"),
  (36,515006,"2017-11-25 15:00:56"),
  (36,515592,"2017-11-25 15:59:02"),
  (36,515599,"2017-11-25 15:59:56"),
  (36,516003,"2017-11-25 16:00:03"),
  (36,516006,"2017-11-25 16:00:56"),
  (36,516592,"2017-11-25 16:59:02"),
  (36,516599,"2017-11-25 16:59:56"),
  (36,517003,"2017-11-25 17:00:03"),
  (36,517006,"2017-11-25 17:00:56"),
  (36,517592,"2017-11-25 17:59:02"),
  (36,517599,"2017-11-25 17:59:56"),
  (36,518003,"2017-11-25 18:00:03"),
  (36,518006,"2017-11-25 18:00:56"),
  (36,518592,"2017-11-25 18:59:02"),
  (36,518599,"2017-11-25 18:59:56"),
  (36,519003,"2017-11-25 19:00:03"),
  (36,519006,"2017-11-25 19:00:56"),
  (36,519592,"2017-11-25 19:59:02"),
  (36,519599,"2017-11-25 19:59:56"),
  (36,520003,"2017-11-25 20:00:03"),
  (36,520006,"2017-11-25 20:00:56"),
  (36,520592,"2017-11-25 20:59:02"),
  (36,520599,"2017-11-25 20:59:56"),
  (36,521003,"2017-11-25 21:00:03"),
  (36,521006,"2017-11-25 21:00:56"),
  (36,521592,"2017-11-25 21:59:02"),
  (36,521599,"2017-11-25 21:59:56"),
  (36,522003,"2017-11-25 22:00:03"),
  (36,522006,"2017-11-25 22:00:56"),
  (36,522592,"2017-11-25 22:59:02"),
  (36,522599,"2017-11-25 22:59:56"),
  (36,523003,"2017-11-25 23:00:03"),
  (36,523006,"2017-11-25 23:00:56"),
  (36,523592,"2017-11-25 23:59:02"),
  (36,523599,"2017-11-25 23:59:56"),
  (36,600003,"2017-11-26 00:00:03"),
  (36,600006,"2017-11-26 00:00:56"),
  (36,600592,"2017-11-26 00:59:02"),
  (36,600599,"2017-11-26 00:59:56"),
  (36,601003,"2017-11-26 01:00:03"),
  (36,601006,"2017-11-26 01:00:56"),
  (36,601592,"2017-11-26 01:59:02"),
  (36,601599,"2017-11-26 01:59:56"),
  (36,602003,"2017-11-26 02:00:03"),
  (36,602006,"2017-11-26 02:00:56"),
  (36,602592,"2017-11-26 02:59:02"),
  (36,602599,"2017-11-26 02:59:56"),
  (36,603003,"2017-11-26 03:00:03"),
  (36,603006,"2017-11-26 03:00:56"),
  (36,603592,"2017-11-26 03:59:02"),
  (36,603599,"2017-11-26 03:59:56"),
  (36,604003,"2017-11-26 04:00:03"),
  (36,604006,"2017-11-26 04:00:56"),
  (36,604592,"2017-11-26 04:59:02"),
  (36,604599,"2017-11-26 04:59:56"),
  (36,605003,"2017-11-26 05:00:03"),
  (36,605006,"2017-11-26 05:00:56"),
  (36,605592,"2017-11-26 05:59:02"),
  (36,605599,"2017-11-26 05:59:56"),
  (36,606003,"2017-11-26 06:00:03"),
  (36,606006,"2017-11-26 06:00:56"),
  (36,606592,"2017-11-26 06:59:02"),
  (36,606599,"2017-11-26 06:59:56"),
  (36,607003,"2017-11-26 07:00:03"),
  (36,607006,"2017-11-26 07:00:56"),
  (36,607592,"2017-11-26 07:59:02"),
  (36,607599,"2017-11-26 07:59:56"),
  (36,608003,"2017-11-26 08:00:03"),
  (36,608006,"2017-11-26 08:00:56"),
  (36,608592,"2017-11-26 08:59:02"),
  (36,608599,"2017-11-26 08:59:56"),
  (36,609003,"2017-11-26 09:00:03"),
  (36,609006,"2017-11-26 09:00:56"),
  (36,609592,"2017-11-26 09:59:02"),
  (36,609599,"2017-11-26 09:59:56"),
  (36,610003,"2017-11-26 10:00:03"),
  (36,610006,"2017-11-26 10:00:56"),
  (36,610592,"2017-11-26 10:59:02"),
  (36,610599,"2017-11-26 10:59:56"),
  (36,611003,"2017-11-26 11:00:03"),
  (36,611006,"2017-11-26 11:00:56"),
  (36,611592,"2017-11-26 11:59:02"),
  (36,611599,"2017-11-26 11:59:56"),
  (36,612003,"2017-11-26 12:00:03"),
  (36,612006,"2017-11-26 12:00:56"),
  (36,612592,"2017-11-26 12:59:02"),
  (36,612599,"2017-11-26 12:59:56"),
  (36,613003,"2017-11-26 13:00:03"),
  (36,613006,"2017-11-26 13:00:56"),
  (36,613592,"2017-11-26 13:59:02"),
  (36,613599,"2017-11-26 13:59:56"),
  (36,614003,"2017-11-26 14:00:03"),
  (36,614006,"2017-11-26 14:00:56"),
  (36,614592,"2017-11-26 14:59:02"),
  (36,614599,"2017-11-26 14:59:56"),
  (36,615003,"2017-11-26 15:00:03"),
  (36,615006,"2017-11-26 15:00:56"),
  (36,615592,"2017-11-26 15:59:02"),
  (36,615599,"2017-11-26 15:59:56"),
  (36,616003,"2017-11-26 16:00:03"),
  (36,616006,"2017-11-26 16:00:56"),
  (36,616592,"2017-11-26 16:59:02"),
  (36,616599,"2017-11-26 16:59:56"),
  (36,617003,"2017-11-26 17:00:03"),
  (36,617006,"2017-11-26 17:00:56"),
  (36,617592,"2017-11-26 17:59:02"),
  (36,617599,"2017-11-26 17:59:56"),
  (36,618003,"2017-11-26 18:00:03"),
  (36,618006,"2017-11-26 18:00:56"),
  (36,618592,"2017-11-26 18:59:02"),
  (36,618599,"2017-11-26 18:59:56"),
  (36,619003,"2017-11-26 19:00:03"),
  (36,619006,"2017-11-26 19:00:56"),
  (36,619592,"2017-11-26 19:59:02"),
  (36,619599,"2017-11-26 19:59:56"),
  (36,620003,"2017-11-26 20:00:03"),
  (36,620006,"2017-11-26 20:00:56"),
  (36,620592,"2017-11-26 20:59:02"),
  (36,620599,"2017-11-26 20:59:56"),
  (36,621003,"2017-11-26 21:00:03"),
  (36,621006,"2017-11-26 21:00:56"),
  (36,621592,"2017-11-26 21:59:02"),
  (36,621599,"2017-11-26 21:59:56"),
  (36,622003,"2017-11-26 22:00:03"),
  (36,622006,"2017-11-26 22:00:56"),
  (36,622592,"2017-11-26 22:59:02"),
  (36,622599,"2017-11-26 22:59:56"),
  (36,623003,"2017-11-26 23:00:03"),
  (36,623006,"2017-11-26 23:00:56"),
  (36,623592,"2017-11-26 23:59:02"),
  (36,623599,"2017-11-26 23:59:56"),
  (36,700003,"2017-11-27 00:00:03"),
  (36,230003,"2017-11-27 23:00:03");

INSERT INTO water_meter_record (water_info_id, consumption,read_time) VALUES
(36,600003,"2017-11-28 00:00:03"),
(36,600006,"2017-11-28 00:00:56"),
(36,600592,"2017-11-28 00:59:02"),
(36,600599,"2017-11-28 00:59:56"),
(36,601003,"2017-11-28 01:00:03"),
(36,601006,"2017-11-28 01:00:56"),
(36,601592,"2017-11-28 01:59:02"),
(36,601599,"2017-11-28 01:59:56"),
(36,602003,"2017-11-28 02:00:03"),
(36,602006,"2017-11-28 02:00:56"),
(36,602592,"2017-11-28 02:59:02"),
(36,602599,"2017-11-28 02:59:56"),
(36,603003,"2017-11-28 03:00:03"),
(36,603006,"2017-11-28 03:00:56"),
(36,603592,"2017-11-28 03:59:02"),
(36,603599,"2017-11-28 03:59:56"),
(36,604003,"2017-11-28 04:00:03"),
(36,604006,"2017-11-28 04:00:56"),
(36,604592,"2017-11-28 04:59:02"),
(36,604599,"2017-11-28 04:59:56"),
(36,605003,"2017-11-28 05:00:03"),
(36,605006,"2017-11-28 05:00:56"),
(36,605592,"2017-11-28 05:59:02"),
(36,605599,"2017-11-28 05:59:56"),
(36,606003,"2017-11-28 06:00:03"),
(36,606006,"2017-11-28 06:00:56"),
(36,606592,"2017-11-28 06:59:02"),
(36,606599,"2017-11-28 06:59:56"),
(36,607003,"2017-11-28 07:00:03"),
(36,607006,"2017-11-28 07:00:56"),
(36,607592,"2017-11-28 07:59:02"),
(36,607599,"2017-11-28 07:59:56"),
(36,608003,"2017-11-28 08:00:03"),
(36,608006,"2017-11-28 08:00:56"),
(36,608592,"2017-11-28 08:59:02"),
(36,608599,"2017-11-28 08:59:56"),
(36,609003,"2017-11-28 09:00:03"),
(36,609006,"2017-11-28 09:00:56"),
(36,609592,"2017-11-28 09:59:02"),
(36,609599,"2017-11-28 09:59:56"),
(36,610003,"2017-11-28 10:00:03"),
(36,610006,"2017-11-28 10:00:56"),
(36,610592,"2017-11-28 10:59:02"),
(36,610599,"2017-11-28 10:59:56"),
(36,611003,"2017-11-28 11:00:03"),
(36,611006,"2017-11-28 11:00:56"),
(36,611592,"2017-11-28 11:59:02"),
(36,611599,"2017-11-28 11:59:56"),
(36,612003,"2017-11-28 12:00:03"),
(36,612006,"2017-11-28 12:00:56"),
(36,612592,"2017-11-28 12:59:02"),
(36,612599,"2017-11-28 12:59:56"),
(36,613003,"2017-11-28 13:00:03"),
(36,613006,"2017-11-28 13:00:56"),
(36,613592,"2017-11-28 13:59:02"),
(36,613599,"2017-11-28 13:59:56"),
(36,614003,"2017-11-28 14:00:03"),
(36,614006,"2017-11-28 14:00:56"),
(36,614592,"2017-11-28 14:59:02"),
(36,614599,"2017-11-28 14:59:56"),
(36,615003,"2017-11-28 15:00:03"),
(36,615006,"2017-11-28 15:00:56"),
(36,615592,"2017-11-28 15:59:02"),
(36,615599,"2017-11-28 15:59:56"),
(36,616003,"2017-11-28 16:00:03"),
(36,616006,"2017-11-28 16:00:56"),
(36,616592,"2017-11-28 16:59:02"),
(36,616599,"2017-11-28 16:59:56"),
(36,617003,"2017-11-28 17:00:03"),
(36,617006,"2017-11-28 17:00:56"),
(36,617592,"2017-11-28 17:59:02"),
(36,617599,"2017-11-28 17:59:56"),
(36,618003,"2017-11-28 18:00:03"),
(36,618006,"2017-11-28 18:00:56"),
(36,618592,"2017-11-28 18:59:02"),
(36,618599,"2017-11-28 18:59:56"),
(36,619003,"2017-11-28 19:00:03"),
(36,619006,"2017-11-28 19:00:56"),
(36,619592,"2017-11-28 19:59:02"),
(36,619599,"2017-11-28 19:59:56"),
(36,620003,"2017-11-28 20:00:03"),
(36,620006,"2017-11-28 20:00:56"),
(36,620592,"2017-11-28 20:59:02"),
(36,620599,"2017-11-28 20:59:56"),
(36,621003,"2017-11-28 21:00:03"),
(36,621006,"2017-11-28 21:00:56"),
(36,621592,"2017-11-28 21:59:02"),
(36,621599,"2017-11-28 21:59:56"),
(36,622003,"2017-11-28 22:00:03"),
(36,622006,"2017-11-28 22:00:56"),
(36,622592,"2017-11-28 22:59:02"),
(36,622599,"2017-11-28 22:59:56"),
(36,623003,"2017-11-28 23:00:03"),
(36,623006,"2017-11-28 23:00:56"),
(36,623592,"2017-11-28 23:59:02"),
(36,623599,"2017-11-28 23:59:56");

INSERT INTO water_meter_record (water_info_id, consumption,read_time) VALUES
  (35,500003,"2017-11-25 00:00:03"),
  (35,500006,"2017-11-25 00:00:56"),
  (35,500592,"2017-11-25 00:59:02"),
  (35,500599,"2017-11-25 00:59:56"),
  (35,501003,"2017-11-25 01:00:03"),
  (35,501006,"2017-11-25 01:00:56"),
  (35,501592,"2017-11-25 01:59:02"),
  (35,501599,"2017-11-25 01:59:56"),
  (35,502003,"2017-11-25 02:00:03"),
  (35,502006,"2017-11-25 02:00:56"),
  (35,502592,"2017-11-25 02:59:02"),
  (35,502599,"2017-11-25 02:59:56"),
  (35,503003,"2017-11-25 03:00:03"),
  (35,503006,"2017-11-25 03:00:56"),
  (35,503592,"2017-11-25 03:59:02"),
  (35,503599,"2017-11-25 03:59:56"),
  (35,504003,"2017-11-25 04:00:03"),
  (35,504006,"2017-11-25 04:00:56"),
  (35,504592,"2017-11-25 04:59:02"),
  (35,504599,"2017-11-25 04:59:56"),
  (35,505003,"2017-11-25 05:00:03"),
  (35,505006,"2017-11-25 05:00:56"),
  (35,505592,"2017-11-25 05:59:02"),
  (35,505599,"2017-11-25 05:59:56"),
  (35,506003,"2017-11-25 06:00:03"),
  (35,506006,"2017-11-25 06:00:56"),
  (35,506592,"2017-11-25 06:59:02"),
  (35,506599,"2017-11-25 06:59:56"),
  (35,507003,"2017-11-25 07:00:03"),
  (35,507006,"2017-11-25 07:00:56"),
  (35,507592,"2017-11-25 07:59:02"),
  (35,507599,"2017-11-25 07:59:56"),
  (35,508003,"2017-11-25 08:00:03"),
  (35,508006,"2017-11-25 08:00:56"),
  (35,508592,"2017-11-25 08:59:02"),
  (35,508599,"2017-11-25 08:59:56"),
  (35,509003,"2017-11-25 09:00:03"),
  (35,509006,"2017-11-25 09:00:56"),
  (35,509592,"2017-11-25 09:59:02"),
  (35,509599,"2017-11-25 09:59:56"),
  (35,510003,"2017-11-25 10:00:03"),
  (35,510006,"2017-11-25 10:00:56"),
  (35,510592,"2017-11-25 10:59:02"),
  (35,510599,"2017-11-25 10:59:56"),
  (35,511003,"2017-11-25 11:00:03"),
  (35,511006,"2017-11-25 11:00:56"),
  (35,511592,"2017-11-25 11:59:02"),
  (35,511599,"2017-11-25 11:59:56"),
  (35,512003,"2017-11-25 12:00:03"),
  (35,512006,"2017-11-25 12:00:56"),
  (35,512592,"2017-11-25 12:59:02"),
  (35,512599,"2017-11-25 12:59:56"),
  (35,513003,"2017-11-25 13:00:03"),
  (35,513006,"2017-11-25 13:00:56"),
  (35,513592,"2017-11-25 13:59:02"),
  (35,513599,"2017-11-25 13:59:56"),
  (35,514003,"2017-11-25 14:00:03"),
  (35,514006,"2017-11-25 14:00:56"),
  (35,514592,"2017-11-25 14:59:02"),
  (35,514599,"2017-11-25 14:59:56"),
  (35,515003,"2017-11-25 15:00:03"),
  (35,515006,"2017-11-25 15:00:56"),
  (35,515592,"2017-11-25 15:59:02"),
  (35,515599,"2017-11-25 15:59:56"),
  (35,516003,"2017-11-25 16:00:03"),
  (35,516006,"2017-11-25 16:00:56"),
  (35,516592,"2017-11-25 16:59:02"),
  (35,516599,"2017-11-25 16:59:56"),
  (35,517003,"2017-11-25 17:00:03"),
  (35,517006,"2017-11-25 17:00:56"),
  (35,517592,"2017-11-25 17:59:02"),
  (35,517599,"2017-11-25 17:59:56"),
  (35,518003,"2017-11-25 18:00:03"),
  (35,518006,"2017-11-25 18:00:56"),
  (35,518592,"2017-11-25 18:59:02"),
  (35,518599,"2017-11-25 18:59:56"),
  (35,519003,"2017-11-25 19:00:03"),
  (35,519006,"2017-11-25 19:00:56"),
  (35,519592,"2017-11-25 19:59:02"),
  (35,519599,"2017-11-25 19:59:56"),
  (35,520003,"2017-11-25 20:00:03"),
  (35,520006,"2017-11-25 20:00:56"),
  (35,520592,"2017-11-25 20:59:02"),
  (35,520599,"2017-11-25 20:59:56"),
  (35,521003,"2017-11-25 21:00:03"),
  (35,521006,"2017-11-25 21:00:56"),
  (35,521592,"2017-11-25 21:59:02"),
  (35,521599,"2017-11-25 21:59:56"),
  (35,522003,"2017-11-25 22:00:03"),
  (35,522006,"2017-11-25 22:00:56"),
  (35,522592,"2017-11-25 22:59:02"),
  (35,522599,"2017-11-25 22:59:56"),
  (35,523003,"2017-11-25 23:00:03"),
  (35,523006,"2017-11-25 23:00:56"),
  (35,523592,"2017-11-25 23:59:02"),
  (35,523599,"2017-11-25 23:59:56"),
  (35,600003,"2017-11-26 00:00:03"),
  (35,600006,"2017-11-26 00:00:56"),
  (35,600592,"2017-11-26 00:59:02"),
  (35,600599,"2017-11-26 00:59:56"),
  (35,601003,"2017-11-26 01:00:03"),
  (35,601006,"2017-11-26 01:00:56"),
  (35,601592,"2017-11-26 01:59:02"),
  (35,601599,"2017-11-26 01:59:56"),
  (35,602003,"2017-11-26 02:00:03"),
  (35,602006,"2017-11-26 02:00:56"),
  (35,602592,"2017-11-26 02:59:02"),
  (35,602599,"2017-11-26 02:59:56"),
  (35,603003,"2017-11-26 03:00:03"),
  (35,603006,"2017-11-26 03:00:56"),
  (35,603592,"2017-11-26 03:59:02"),
  (35,603599,"2017-11-26 03:59:56"),
  (35,604003,"2017-11-26 04:00:03"),
  (35,604006,"2017-11-26 04:00:56"),
  (35,604592,"2017-11-26 04:59:02"),
  (35,604599,"2017-11-26 04:59:56"),
  (35,605003,"2017-11-26 05:00:03"),
  (35,605006,"2017-11-26 05:00:56"),
  (35,605592,"2017-11-26 05:59:02"),
  (35,605599,"2017-11-26 05:59:56"),
  (35,606003,"2017-11-26 06:00:03"),
  (35,606006,"2017-11-26 06:00:56"),
  (35,606592,"2017-11-26 06:59:02"),
  (35,606599,"2017-11-26 06:59:56"),
  (35,607003,"2017-11-26 07:00:03"),
  (35,607006,"2017-11-26 07:00:56"),
  (35,607592,"2017-11-26 07:59:02"),
  (35,607599,"2017-11-26 07:59:56"),
  (35,608003,"2017-11-26 08:00:03"),
  (35,608006,"2017-11-26 08:00:56"),
  (35,608592,"2017-11-26 08:59:02"),
  (35,608599,"2017-11-26 08:59:56"),
  (35,609003,"2017-11-26 09:00:03"),
  (35,609006,"2017-11-26 09:00:56"),
  (35,609592,"2017-11-26 09:59:02"),
  (35,609599,"2017-11-26 09:59:56"),
  (35,610003,"2017-11-26 10:00:03"),
  (35,610006,"2017-11-26 10:00:56"),
  (35,610592,"2017-11-26 10:59:02"),
  (35,610599,"2017-11-26 10:59:56"),
  (35,611003,"2017-11-26 11:00:03"),
  (35,611006,"2017-11-26 11:00:56"),
  (35,611592,"2017-11-26 11:59:02"),
  (35,611599,"2017-11-26 11:59:56"),
  (35,613006,"2017-11-26 13:00:56"),
  (35,613592,"2017-11-26 13:59:02"),
  (35,613599,"2017-11-26 13:59:56"),
  (35,614003,"2017-11-26 14:00:03"),
  (35,614006,"2017-11-26 14:00:56"),
  (35,614592,"2017-11-26 14:59:02"),
  (35,614599,"2017-11-26 14:59:56"),
  (35,615003,"2017-11-26 15:00:03"),
  (35,615006,"2017-11-26 15:00:56"),
  (35,615592,"2017-11-26 15:59:02"),
  (35,615599,"2017-11-26 15:59:56"),
  (35,616003,"2017-11-26 16:00:03"),
  (35,617006,"2017-11-26 17:00:56"),
  (35,617592,"2017-11-26 17:59:02"),
  (35,617599,"2017-11-26 17:59:56"),
  (35,618003,"2017-11-26 18:00:03"),
  (35,618006,"2017-11-26 18:00:56"),
  (35,618592,"2017-11-26 18:59:02"),
  (35,618599,"2017-11-26 18:59:56"),
  (35,619003,"2017-11-26 19:00:03"),
  (35,619006,"2017-11-26 19:00:56"),
  (35,619592,"2017-11-26 19:59:02"),
  (35,619599,"2017-11-26 19:59:56"),
  (35,620003,"2017-11-26 20:00:03"),
  (35,620006,"2017-11-26 20:00:56"),
  (35,620592,"2017-11-26 20:59:02"),
  (35,622003,"2017-11-26 22:00:03"),
  (35,622006,"2017-11-26 22:00:56"),
  (35,622592,"2017-11-26 22:59:02"),
  (35,622599,"2017-11-26 22:59:56"),
  (35,623003,"2017-11-26 23:00:03"),
  (35,623006,"2017-11-26 23:00:56"),
  (35,623592,"2017-11-26 23:59:02"),
  (35,623599,"2017-11-26 23:59:56"),
  (35,700003,"2017-11-27 00:00:03"),
  (35,723003,"2017-11-27 23:00:03");


INSERT INTO power_meter_record(power_info_id,by_kwhj,by_kwhf,by_kwhg,epp,read_time) VALUES
  (1,100103,200103,300103,400103,"2017-10-01 00:00:03"),
  (1,100117,200117,300117,400117,"2017-10-01 23:59:17"),
  (1,100203,200203,300203,400203,"2017-10-02 00:00:03"),
  (1,100217,200217,300217,400217,"2017-10-02 23:59:17"),
  (1,100303,200303,300303,400303,"2017-10-03 00:00:03"),
  (1,100317,200317,300317,400317,"2017-10-03 23:59:17"),
  (1,100403,200403,300403,400403,"2017-10-04 00:00:03"),
  (1,100417,200417,300417,400417,"2017-10-04 23:59:17"),
  (1,100503,200503,300503,400503,"2017-10-05 00:00:03"),
  (1,100517,200517,300517,400517,"2017-10-05 23:59:17"),
  (1,100603,200603,300603,400603,"2017-10-06 00:00:03"),
  (1,100617,200617,300617,400617,"2017-10-06 23:59:17"),
  (1,100703,200703,300703,400703,"2017-10-07 00:00:03"),
  (1,100717,200717,300717,400717,"2017-10-07 23:59:17"),
  (1,100803,200803,300803,400803,"2017-10-08 00:00:03"),
  (1,100817,200817,300817,400817,"2017-10-08 23:59:17"),
  (1,100903,200903,300903,400903,"2017-10-09 00:00:03"),
  (1,100917,200917,300917,400917,"2017-10-09 23:59:17"),
  (1,101093,201003,301003,401003,"2017-10-10 00:00:03"),
  (1,101017,201017,301017,401017,"2017-10-10 23:59:17"),
  (1,101103,201103,301103,401103,"2017-10-11 00:00:03"),
  (1,101117,201117,301117,401117,"2017-10-11 23:59:17"),
  (1,101203,201203,301203,401203,"2017-10-12 00:00:03"),
  (1,101217,201217,301217,401217,"2017-10-12 23:59:17"),
  (1,101303,201303,301303,401303,"2017-10-13 00:00:03"),
  (1,101317,201317,301317,401317,"2017-10-13 23:59:17"),
  (1,101403,201403,301403,401403,"2017-10-14 00:00:03"),
  (1,101417,201417,301417,401417,"2017-10-14 23:59:17"),
  (1,101503,201503,301503,401503,"2017-10-15 00:00:03"),
  (1,101517,201517,301517,401517,"2017-10-15 23:59:17"),
  (1,101603,201603,301603,401603,"2017-10-16 00:00:03"),
  (1,101617,201617,301617,401617,"2017-10-16 23:59:17"),
  (1,101703,201703,301703,401703,"2017-10-17 00:00:03"),
  (1,101717,201717,301717,401717,"2017-10-17 23:59:17"),
  (1,101803,201803,301803,401803,"2017-10-18 00:00:03"),
  (1,101817,201817,301817,401817,"2017-10-18 23:59:17"),
  (1,101903,201903,301903,401903,"2017-10-19 00:00:03"),
  (1,101917,201917,301917,401917,"2017-10-19 23:59:17"),
  (1,102003,202003,302003,402003,"2017-10-20 00:00:03"),
  (1,102017,202017,302017,402017,"2017-10-20 23:59:17"),
  (1,102103,202103,302103,402103,"2017-10-21 00:00:03"),
  (1,102117,202117,302117,402117,"2017-10-21 23:59:17"),
  (1,102203,202203,302203,402203,"2017-10-22 00:00:03"),
  (1,102217,202217,302217,402217,"2017-10-22 23:59:17"),
  (1,102303,202303,302303,402303,"2017-10-23 00:00:03"),
  (1,102317,202317,302317,402317,"2017-10-23 23:59:17"),
  (1,102403,202403,302403,402403,"2017-10-24 00:00:03"),
  (1,102417,202417,302417,402417,"2017-10-24 23:59:17"),
  (1,102503,202503,302503,402503,"2017-10-25 00:00:03"),
  (1,102517,202517,302517,402517,"2017-10-25 23:59:17"),
  (1,102603,202603,302603,402603,"2017-10-26 00:00:03"),
  (1,102617,202617,302617,402617,"2017-10-26 23:59:17"),
  (1,102703,202703,302703,402703,"2017-10-27 00:00:03"),
  (1,102717,202717,302717,402717,"2017-10-27 23:59:17"),
  (1,102803,202803,302803,402803,"2017-10-28 00:00:03"),
  (1,102817,202817,302817,402817,"2017-10-28 23:59:17"),
  (1,102903,202903,302903,402903,"2017-10-29 00:00:03"),
  (1,102917,202917,302917,402917,"2017-10-29 23:59:17"),
  (1,103003,203003,303003,403003,"2017-10-30 00:00:03"),
  (1,103017,203017,303017,403017,"2017-10-30 23:59:17"),
  (1,103103,203103,303103,403103,"2017-10-31 00:00:03"),
  (1,103117,203117,303117,403117,"2017-10-31 23:59:17"),
  (1,110103,210103,310103,410103,"2017-11-01 00:00:03"),
  (1,110117,210117,310117,410117,"2017-11-01 23:59:17"),
  (1,110203,210203,310203,410203,"2017-11-02 00:00:03"),
  (1,110217,210217,310217,410217,"2017-11-02 23:59:17"),
  (1,110303,210303,310303,410303,"2017-11-03 00:00:03"),
  (1,110317,210317,310317,410317,"2017-11-03 23:59:17"),
  (1,110403,210403,310403,410403,"2017-11-04 00:00:03"),
  (1,110417,210417,310417,410417,"2017-11-04 23:59:17"),
  (1,110503,210503,310503,410503,"2017-11-05 00:00:03"),
  (1,110517,210517,310517,410517,"2017-11-05 23:59:17"),
  (1,110603,210603,310603,410603,"2017-11-06 00:00:03"),
  (1,110617,210617,310617,410617,"2017-11-06 23:59:17"),
  (1,110703,210703,310703,410703,"2017-11-07 00:00:03"),
  (1,110717,210717,310717,410717,"2017-11-07 23:59:17"),
  (1,110803,210803,310803,410803,"2017-11-08 00:00:03"),
  (1,110817,210817,310817,410817,"2017-11-08 23:59:17"),
  (1,110903,210903,310903,410903,"2017-11-09 00:00:03"),
  (1,110917,210917,310917,410917,"2017-11-09 23:59:17"),
  (1,111003,211003,311003,411003,"2017-11-10 00:00:03"),
  (1,111017,211017,311017,411017,"2017-11-10 23:59:17"),
  (1,111103,211103,311103,411103,"2017-11-11 00:00:03"),
  (1,111117,211117,311117,411117,"2017-11-11 23:59:17"),
  (1,111203,211203,311203,411203,"2017-11-12 00:00:03"),
  (1,111217,211217,311217,411217,"2017-11-12 23:59:17"),
  (1,111303,211303,311303,411303,"2017-11-13 00:00:03"),
  (1,111317,211317,311317,411317,"2017-11-13 23:59:17"),
  (1,111403,211403,311403,411403,"2017-11-14 00:00:03"),
  (1,111417,211417,311417,411417,"2017-11-14 23:59:17"),
  (1,111503,211503,311503,411503,"2017-11-15 00:00:03"),
  (1,111517,211517,311517,411517,"2017-11-15 23:59:17"),
  (1,111603,211603,311603,411603,"2017-11-16 00:00:03"),
  (1,111617,211617,311617,411617,"2017-11-16 23:59:17"),
  (1,111703,211703,311703,411703,"2017-11-17 00:00:03"),
  (1,111717,211717,311717,411717,"2017-11-17 23:59:17"),
  (1,111803,211803,311803,411803,"2017-11-18 00:00:03"),
  (1,111817,211817,311817,411817,"2017-11-18 23:59:17"),
  (1,111903,211903,311903,411903,"2017-11-19 00:00:03"),
  (1,111917,211917,311917,411917,"2017-11-19 23:59:17"),
  (1,112003,212003,312003,412003,"2017-11-20 00:00:03"),
  (1,112017,212017,312017,412017,"2017-11-20 23:59:17"),
  (1,112103,212103,312103,412103,"2017-11-21 00:00:03"),
  (1,112117,212117,312117,412117,"2017-11-21 23:59:17"),
  (1,112203,212203,312203,412203,"2017-11-22 00:00:03"),
  (1,112217,212217,312217,412217,"2017-11-22 23:59:17"),
  (1,112303,212303,312303,412303,"2017-11-23 00:00:03"),
  (1,112317,212317,312317,412317,"2017-11-23 23:59:17"),
  (1,112403,212403,312403,412403,"2017-11-24 00:00:03"),
  (1,112417,212417,312417,412417,"2017-11-24 23:59:17"),
  (1,112503,212503,312503,412503,"2017-11-25 00:00:03"),
  (1,112517,212517,312517,412517,"2017-11-25 23:59:17"),
  (1,112603,212603,312603,412603,"2017-11-26 00:00:03"),
  (1,112617,212617,312617,412617,"2017-11-26 23:59:17"),
  (1,112703,212703,312703,412703,"2017-11-27 00:00:03"),
  (1,112717,212717,312717,412717,"2017-11-27 23:59:17"),
  (1,112903,212903,312903,412903,"2017-11-29 00:00:03"),
  (1,112917,212917,312917,412917,"2017-11-29 23:59:17");