-- ------------------------
-- Table data for area_info
-- 园区 - 数据
INSERT INTO area_info(area_no, area_name, provice_id, city_id, area_id, address, jigou) VALUES
  ("hz","湖州",11,94,971,"某某大道100号","中节能"),
  ("xhgj","西湖国际",11,94,971,"某莫某路10000号","中节能");

-- ----------------------------
-- Table data for building_info
-- 大楼 - 数据
-- ----------------------------
INSERT INTO building_info(building_no, building_name, area_id) VALUES
  ("01","B1",1),
  ("02","B3",1),
  ("03","B7",1),
  ("04","B2",1),
  ("05","B5",1),
  ("06","B6",1),
  ("07","V6",1),
  ("08","V7",1),
  ("09","V8",1),
  ("10","V10",1),
  ("11","V11",1),
  ("12","A10",1),
  ("13","A16",1),
  ("14","B8",1),
  ("15","B9",1),
  ("16","B10",1),
  ("17","B11",1),
  ("18","B12",1),
  ("19","食堂",1),
  ("20","V1",1),
  ("21","V2",1),
  ("22","V3",1),
  ("23","V12",1),
  ("24","V5",1),
  ("25","A21",1),
  ("26","A22",1),
  ("27","A11",1),
  ("28","A12",1),
  ("29","A15",1),
  ("30","A18",1),
  ("31","A19",1),
  ("32","A17",1),
  ("33","A1",1),
  ("34","A2",1),
  ("35","A3",1),
  ("36","A5",1),
  ("37","A6",1),
  ("38","A7",1),
  ("39","A8",1),
  ("40","A9",1);

INSERT INTO company_info(company_no, company_name, area_id) VALUES
  ("01","湖州三盟纺织科技有限公司",1),
  ("02","湖州隆成智能科技有限公司",1),
  ("03","湖州恩赐智能科技有限公司",1),
  ("04","湖州市宇恒网络科技有限公司",1),
  ("05","湖州丽锦环保科技有限公司",1),
  ("06","湖州织里派格锐思电子商务有限公司",1),
  ("07","浙江家宇信息科技有限公司",1),
  ("08","V7",1),
  ("09","湖州凯妍生物科技有限公司",1),
  ("10","湖州亿意质量技术服务有限公司",1),
  ("11","V11",1),
  ("12","A10",1),
  ("13","湖州恒怡节能科技有限公司",1),
  ("14","B8",1),
  ("15","湖州织里沂鑫环保科技有限公司",1),
  ("16","湖州舒乐网络科技有限公司",1),
  ("17","湖州优创电子商务有限公司",1),
  ("18","B12",1),
  ("19","食堂",1),
  ("20","V1",1),
  ("21","V2",1),
  ("22","V3",1),
  ("23","V12",1),
  ("24","V5",1),
  ("25","闵利强",1),
  ("26","浙江拿酒网供应链管理有限公司",1),
  ("27","浙江久厨节能科技有限公司",1),
  ("28","湖州君皓环保材料有限公司",1),
  ("29","湖州朗途合金科技有限公司",1),
  ("30","湖州三荣节能环保产品贸易有限公司",1),
  ("31","浙江国鼎环境工程有限公司",1),
  ("32","浙江德赛堡建筑材料科技有限公司",1),
  ("33","湖州宇豪网络科技有限公司",1),
  ("34","湖州隆成智能科技有限公司",1),
  ("35","湖州创鼎实业有限公司",1),
  ("36","湖州创鼎实业有限公司",1),
  ("37","湖州赛德新材料科技有限公司",1),
  ("38","湖州三鼎信息科技有限公司",1),
  ("39","湖州酷美特智能科技有限公司",1);

INSERT INTO building_company VALUES
  (1,1),
  (2,2),
  (3,3),
  (4,4),
  (5,5),
  (6,6),
  (7,7),
  (8,8),
  (9,9),
  (10,10),
  (11,11),
  (12,12),
  (13,13),
  (14,14),
  (15,15),
  (16,16),
  (17,17),
  (18,18),
  (19,19),
  (20,20),
  (21,21),
  (22,22),
  (23,23),
  (24,24),
  (25,25),
  (26,26),
  (27,27),
  (28,28),
  (29,29),
  (30,30),
  (31,31),
  (32,32),
  (33,33),
  (34,34),
  (35,35),
  (36,36),
  (37,37),
  (38,38),
  (39,38),
  (40,39);

-- -----------------------
-- Data for collector_info
-- 采集器 - 数据
-- ------------------------
INSERT INTO collector_info(number, building_id, address) VALUES
  ("001",1,"东北角"),
  ("002",2,"大门口"),
  ("003",3,"西北角"),
  ("004",4,"东南角"),
  ("005",5,"正东");

INSERT INTO power_info(company_id,state) VALUES
  (1,TRUE ),
  (2,TRUE ),
  (3,TRUE ),
  (4,TRUE ),
  (5,TRUE ),
  (6,TRUE ),
  (7,TRUE ),
  (8,TRUE ),
  (9,TRUE ),
  (10,TRUE ),
  (11,TRUE ),
  (12,TRUE ),
  (13,TRUE ),
  (14,TRUE ),
  (15,TRUE ),
  (16,TRUE ),
  (17,TRUE ),
  (18,TRUE ),
  (19,TRUE ),
  (20,TRUE ),
  (21,TRUE ),
  (22,TRUE ),
  (23,TRUE ),
  (24,TRUE ),
  (25,TRUE ),
  (26,TRUE ),
  (27,TRUE ),
  (28,TRUE ),
  (29,TRUE ),
  (30,TRUE ),
  (31,TRUE ),
  (32,TRUE ),
  (33,TRUE ),
  (34,TRUE ),
  (35,TRUE ),
  (36,TRUE ),
  (37,TRUE ),
  (38,TRUE ),
  (38,TRUE ),
  (39,TRUE );

INSERT INTO power_meter_record(power_info_id,epp,read_time)VALUES
  (1,11610110758,"2016-10-11 07:58:00"),
  (1,11610110801,"2016-10-11 08:01:00"),
  (1,11610110802,"2016-10-11 08:02:00"),
  (1,11610111200,"2016-10-11 12:00:00"),
  (1,11610111400,"2016-10-11 14:00:00"),
  (1,11610111600,"2016-10-11 16:00:00"),
  (1,11611110758,"2016-11-11 07:58:00"),
  (1,11611110801,"2016-11-11 08:01:00"),
  (1,11611110802,"2016-11-11 08:02:00"),
  (1,11611111200,"2016-11-11 12:00:00"),
  (1,11611111400,"2016-11-11 14:00:00"),
  (1,11611111600,"2016-11-11 16:00:00"),
  (1,11710110758,"2017-10-11 07:58:00"),
  (1,11710110801,"2017-10-11 08:01:00"),
  (1,11710110802,"2017-10-11 08:02:00"),
  (1,11710111200,"2017-10-11 12:00:00"),
  (1,11710111400,"2017-10-11 14:00:00"),
  (1,11710111600,"2017-10-11 16:00:00"),
  (1,11711110758,"2017-11-11 07:58:00"),
  (1,11711110801,"2017-11-11 08:01:00"),
  (1,11711110802,"2017-11-11 08:02:00"),
  (1,11711111200,"2017-11-11 12:00:00"),
  (1,11711111400,"2017-11-11 14:00:00"),
  (1,11711111600,"2017-11-11 16:00:00"),
  (2,21610110758,"2016-10-11 07:58:00"),
  (2,21610110801,"2016-10-11 08:01:00"),
  (2,21610110802,"2016-10-11 08:02:00"),
  (2,21610111200,"2016-10-11 12:00:00"),
  (2,21610111400,"2016-10-11 14:00:00"),
  (2,21610111600,"2016-10-11 16:00:00"),
  (2,21611110758,"2016-11-11 07:58:00"),
  (2,21611110801,"2016-11-11 08:01:00"),
  (2,21611110802,"2016-11-11 08:02:00"),
  (2,21611111200,"2016-11-11 12:00:00"),
  (2,21611111400,"2016-11-11 14:00:00"),
  (2,21611111600,"2016-11-11 16:00:00"),
  (2,21710110758,"2017-10-11 07:58:00"),
  (2,21710110801,"2017-10-11 08:01:00"),
  (2,21710110802,"2017-10-11 08:02:00"),
  (2,21710111200,"2017-10-11 12:00:00"),
  (2,21710111400,"2017-10-11 14:00:00"),
  (2,21710111600,"2017-10-11 16:00:00"),
  (2,21711110758,"2017-11-11 07:58:00"),
  (2,21711110801,"2017-11-11 08:01:00"),
  (2,21711110802,"2017-11-11 08:02:00"),
  (2,21711111200,"2017-11-11 12:00:00"),
  (2,21711111400,"2017-11-11 14:00:00"),
  (2,21711111600,"2017-11-11 16:00:00"),
  (3,31610110758,"2016-10-11 07:58:00"),
  (3,31610110801,"2016-10-11 08:01:00"),
  (3,31610110802,"2016-10-11 08:02:00"),
  (3,31610111200,"2016-10-11 12:00:00"),
  (3,31610111400,"2016-10-11 14:00:00"),
  (3,31610111600,"2016-10-11 16:00:00"),
  (3,31611110758,"2016-11-11 07:58:00"),
  (3,31611110801,"2016-11-11 08:01:00"),
  (3,31611110802,"2016-11-11 08:02:00"),
  (3,31611111200,"2016-11-11 12:00:00"),
  (3,31611111400,"2016-11-11 14:00:00"),
  (3,31611111600,"2016-11-11 16:00:00"),
  (3,31710110758,"2017-10-11 07:58:00"),
  (3,31710110801,"2017-10-11 08:01:00"),
  (3,31710110802,"2017-10-11 08:02:00"),
  (3,31710111200,"2017-10-11 12:00:00"),
  (3,31710111400,"2017-10-11 14:00:00"),
  (3,31710111600,"2017-10-11 16:00:00"),
  (3,31711110758,"2017-11-11 07:58:00"),
  (3,31711110801,"2017-11-11 08:01:00"),
  (3,31711110802,"2017-11-11 08:02:00"),
  (3,31711111200,"2017-11-11 12:00:00"),
  (3,31711111400,"2017-11-11 14:00:00"),
  (3,31711111600,"2017-11-11 16:00:00");


INSERT INTO power_meter_record(power_info_id,epp,read_time)VALUES(4,1,"2017-11-11 16:00:00");

INSERT INTO power_meter_record(power_info_id,epp,read_time)VALUES
  (5,0.9,"2017-10-11 16:00:00"),
  (5,1.1,"2017-11-11 16:00:00");

INSERT INTO collector_info(building_id,power_water,available)VALUES
  (1,0,1),
  (2,0,1),
  (3,0,1),
  (4,0,1),
  (5,0,1),
  (6,0,1),
  (7,0,1),
  (8,0,1),
  (9,0,1),
  (10,0,1),
  (11,0,1),
  (12,0,1),
  (13,0,1),
  (14,0,1),
  (15,0,1),
  (16,0,1),
  (17,0,1),
  (18,0,1),
  (19,0,1),
  (20,0,1),
  (21,0,1),
  (22,0,1),
  (23,0,1),
  (24,0,1),
  (25,0,1),
  (26,0,1),
  (27,0,1),
  (28,0,1),
  (29,0,1),
  (30,0,1),
  (31,0,1),
  (32,0,1),
  (33,0,1),
  (34,0,1),
  (35,0,1),
  (36,0,1),
  (37,0,1),
  (38,0,1),
  (39,0,1),
  (40,0,1);


INSERT INTO water_info (collector_id,company_id,state)VALUES
  (1,1,1),
  (2,2,1),
  (3,3,1),
  (4,4,1),
  (5,5,1),
  (6,6,1),
  (7,7,1),
  (8,8,1),
  (9,9,1),
  (10,10,1),
  (11,11,1),
  (12,12,1),
  (13,13,1),
  (14,14,1),
  (15,15,1),
  (16,16,1),
  (17,17,1),
  (18,18,1),
  (19,19,1),
  (20,20,1),
  (21,21,1),
  (22,22,1),
  (23,23,1),
  (24,24,1),
  (25,25,1),
  (26,26,1),
  (27,27,1),
  (28,28,1),
  (29,29,1),
  (30,30,1),
  (31,31,1),
  (32,32,1),
  (33,33,1),
  (34,34,1),
  (35,35,1),
  (36,36,1),
  (37,37,1),
  (38,38,1),
  (39,38,1),
  (40,39,1);

INSERT INTO water_meter_record (water_info_id, consumption,read_time) VALUES
  (38,100156,"2017-10-01 23:56:54"),
  (38,100158,"2017-10-01 23:58:54"),
  (38,100256,"2017-10-02 23:56:54"),
  (38,100258,"2017-10-02 23:58:54"),
  (38,100356,"2017-10-03 23:56:54"),
  (38,100358,"2017-10-03 23:58:54"),
  (38,100456,"2017-10-04 23:56:54"),
  (38,100458,"2017-10-04 23:58:54"),
  (38,100556,"2017-10-05 23:56:54"),
  (38,100558,"2017-10-05 23:58:54"),
  (38,100656,"2017-10-06 23:56:54"),
  (38,100658,"2017-10-06 23:58:54"),
  (38,100756,"2017-10-07 23:56:54"),
  (38,100758,"2017-10-07 23:58:54"),
  (38,100856,"2017-10-08 23:56:54"),
  (38,100858,"2017-10-08 23:58:54"),
  (38,100956,"2017-10-09 23:56:54"),
  (38,100958,"2017-10-09 23:58:54"),
  (38,101056,"2017-10-10 23:56:54"),
  (38,101058,"2017-10-10 23:58:54"),
  (38,101156,"2017-10-11 23:56:54"),
  (38,101158,"2017-10-11 23:58:54"),
  (38,101256,"2017-10-12 23:56:54"),
  (38,101258,"2017-10-12 23:58:54"),
  (38,101356,"2017-10-13 23:56:54"),
  (38,101358,"2017-10-13 23:58:54"),
  (38,101456,"2017-10-14 23:56:54"),
  (38,101458,"2017-10-14 23:58:54"),
  (38,101556,"2017-10-15 23:56:54"),
  (38,101558,"2017-10-15 23:58:54"),
  (38,101656,"2017-10-16 23:56:54"),
  (38,101658,"2017-10-16 23:58:54"),
  (38,101756,"2017-10-17 23:56:54"),
  (38,101758,"2017-10-17 23:58:54"),
  (38,101856,"2017-10-18 23:56:54"),
  (38,101858,"2017-10-18 23:58:54"),
  (38,101956,"2017-10-19 23:56:54"),
  (38,101958,"2017-10-19 23:58:54"),
  (38,102056,"2017-10-20 23:56:54"),
  (38,102058,"2017-10-20 23:58:54"),
  (38,102156,"2017-10-21 23:56:54"),
  (38,102158,"2017-10-21 23:58:54"),
  (38,102256,"2017-10-22 23:56:54"),
  (38,102258,"2017-10-22 23:58:54"),
  (38,102356,"2017-10-23 23:56:54"),
  (38,102358,"2017-10-23 23:58:54"),
  (38,102456,"2017-10-24 23:56:54"),
  (38,102458,"2017-10-24 23:58:54"),
  (38,102556,"2017-10-25 23:56:54"),
  (38,102558,"2017-10-25 23:58:54"),
  (38,102656,"2017-10-26 23:56:54"),
  (38,102658,"2017-10-26 23:58:54"),
  (38,102756,"2017-10-27 23:56:54"),
  (38,102758,"2017-10-27 23:58:54"),
  (38,102856,"2017-10-28 23:56:54"),
  (38,102858,"2017-10-28 23:58:54"),
  (38,102956,"2017-10-29 23:56:54"),
  (38,102958,"2017-10-29 23:58:54"),
  (38,103056,"2017-10-30 23:56:54"),
  (38,103058,"2017-10-30 23:58:54"),
  (38,103156,"2017-10-31 23:56:54"),
  (38,103158,"2017-10-31 23:58:54"),
  (38,110156,"2017-11-01 23:56:54"),
  (38,110158,"2017-11-01 23:58:54"),
  (38,110256,"2017-11-02 23:56:54"),
  (38,110258,"2017-11-02 23:58:54"),
  (38,110356,"2017-11-03 23:56:54"),
  (38,110358,"2017-11-03 23:58:54"),
  (38,110456,"2017-11-04 23:56:54"),
  (38,110458,"2017-11-04 23:58:54"),
  (38,110556,"2017-11-05 23:56:54"),
  (38,110558,"2017-11-05 23:58:54"),
  (38,110656,"2017-11-06 23:56:54"),
  (38,110658,"2017-11-06 23:58:54"),
  (38,110756,"2017-11-07 23:56:54"),
  (38,110758,"2017-11-07 23:58:54"),
  (38,110856,"2017-11-08 23:56:54"),
  (38,110858,"2017-11-08 23:58:54"),
  (38,110956,"2017-11-09 23:56:54"),
  (38,110958,"2017-11-09 23:58:54"),
  (38,111056,"2017-11-10 23:56:54"),
  (38,111058,"2017-11-10 23:58:54"),
  (38,111156,"2017-11-11 23:56:54"),
  (38,111158,"2017-11-11 23:58:54"),
  (38,111256,"2017-11-12 23:56:54"),
  (38,111258,"2017-11-12 23:58:54"),
  (38,111356,"2017-11-13 23:56:54"),
  (38,111358,"2017-11-13 23:58:54"),
  (38,111456,"2017-11-14 23:56:54"),
  (38,111458,"2017-11-14 23:58:54"),
  (38,111556,"2017-11-15 23:56:54"),
  (38,111558,"2017-11-15 23:58:54"),
  (38,111656,"2017-11-16 23:56:54"),
  (38,111658,"2017-11-16 23:58:54"),
  (38,111756,"2017-11-17 23:56:54"),
  (38,111758,"2017-11-17 23:58:54"),
  (38,111856,"2017-11-18 23:56:54"),
  (38,111858,"2017-11-18 23:58:54"),
  (38,111956,"2017-11-19 23:56:54"),
  (38,111958,"2017-11-19 23:58:54"),
  (38,112056,"2017-11-20 23:56:54"),
  (38,112058,"2017-11-20 23:58:54"),
  (38,112156,"2017-11-21 23:56:54"),
  (38,112158,"2017-11-21 23:58:54"),
  (38,112256,"2017-11-22 23:56:54"),
  (38,112258,"2017-11-22 23:58:54"),
  (38,112356,"2017-11-23 23:56:54"),
  (38,112358,"2017-11-23 23:58:54"),
  (38,112456,"2017-11-24 23:56:54"),
  (38,112458,"2017-11-24 23:58:54"),
  (38,112556,"2017-11-25 23:56:54"),
  (38,112558,"2017-11-25 23:58:54"),
  (38,112656,"2017-11-26 23:56:54"),
  (38,112658,"2017-11-26 23:58:54");

INSERT INTO water_meter_record (water_info_id, consumption,read_time) VALUES
  (39,100156,"2017-10-01 23:56:54"),
  (39,100158,"2017-10-01 23:58:54"),
  (39,100256,"2017-10-02 23:56:54"),
  (39,100258,"2017-10-02 23:58:54"),
  (39,100356,"2017-10-03 23:56:54"),
  (39,100358,"2017-10-03 23:58:54"),
  (39,100456,"2017-10-04 23:56:54"),
  (39,100458,"2017-10-04 23:58:54"),
  (39,100556,"2017-10-05 23:56:54"),
  (39,100558,"2017-10-05 23:58:54"),
  (39,100656,"2017-10-06 23:56:54"),
  (39,100658,"2017-10-06 23:58:54"),
  (39,100756,"2017-10-07 23:56:54"),
  (39,100758,"2017-10-07 23:58:54"),
  (39,100856,"2017-10-08 23:56:54"),
  (39,100858,"2017-10-08 23:58:54"),
  (39,100956,"2017-10-09 23:56:54"),
  (39,100958,"2017-10-09 23:58:54"),
  (39,101056,"2017-10-10 23:56:54"),
  (39,101058,"2017-10-10 23:58:54"),
  (39,101156,"2017-10-11 23:56:54"),
  (39,101158,"2017-10-11 23:58:54"),
  (39,101256,"2017-10-12 23:56:54"),
  (39,101258,"2017-10-12 23:58:54"),
  (39,101356,"2017-10-13 23:56:54"),
  (39,101358,"2017-10-13 23:58:54"),
  (39,101456,"2017-10-14 23:56:54"),
  (39,101458,"2017-10-14 23:58:54"),
  (39,101556,"2017-10-15 23:56:54"),
  (39,101558,"2017-10-15 23:58:54"),
  (39,101656,"2017-10-16 23:56:54"),
  (39,101658,"2017-10-16 23:58:54"),
  (39,101756,"2017-10-17 23:56:54"),
  (39,101758,"2017-10-17 23:58:54"),
  (39,101856,"2017-10-18 23:56:54"),
  (39,101858,"2017-10-18 23:58:54"),
  (39,101956,"2017-10-19 23:56:54"),
  (39,101958,"2017-10-19 23:58:54"),
  (39,102056,"2017-10-20 23:56:54"),
  (39,102058,"2017-10-20 23:58:54"),
  (39,102156,"2017-10-21 23:56:54"),
  (39,102158,"2017-10-21 23:58:54"),
  (39,102256,"2017-10-22 23:56:54"),
  (39,102258,"2017-10-22 23:58:54"),
  (39,102356,"2017-10-23 23:56:54"),
  (39,102358,"2017-10-23 23:58:54"),
  (39,102456,"2017-10-24 23:56:54"),
  (39,102458,"2017-10-24 23:58:54"),
  (39,102556,"2017-10-25 23:56:54"),
  (39,102558,"2017-10-25 23:58:54"),
  (39,102656,"2017-10-26 23:56:54"),
  (39,102658,"2017-10-26 23:58:54"),
  (39,102756,"2017-10-27 23:56:54"),
  (39,102758,"2017-10-27 23:58:54"),
  (39,102856,"2017-10-28 23:56:54"),
  (39,102858,"2017-10-28 23:58:54"),
  (39,102956,"2017-10-29 23:56:54"),
  (39,102958,"2017-10-29 23:58:54"),
  (39,103056,"2017-10-30 23:56:54"),
  (39,103058,"2017-10-30 23:58:54"),
  (39,103156,"2017-10-31 23:56:54"),
  (39,103158,"2017-10-31 23:58:54"),
  (39,110156,"2017-11-01 23:56:54"),
  (39,110158,"2017-11-01 23:58:54"),
  (39,110256,"2017-11-02 23:56:54"),
  (39,110258,"2017-11-02 23:58:54"),
  (39,110356,"2017-11-03 23:56:54"),
  (39,110358,"2017-11-03 23:58:54"),
  (39,110456,"2017-11-04 23:56:54"),
  (39,110458,"2017-11-04 23:58:54"),
  (39,110556,"2017-11-05 23:56:54"),
  (39,110558,"2017-11-05 23:58:54"),
  (39,110656,"2017-11-06 23:56:54"),
  (39,110658,"2017-11-06 23:58:54"),
  (39,110756,"2017-11-07 23:56:54"),
  (39,110758,"2017-11-07 23:58:54"),
  (39,110856,"2017-11-08 23:56:54"),
  (39,110858,"2017-11-08 23:58:54"),
  (39,110956,"2017-11-09 23:56:54"),
  (39,110958,"2017-11-09 23:58:54"),
  (39,111056,"2017-11-10 23:56:54"),
  (39,111058,"2017-11-10 23:58:54"),
  (39,111156,"2017-11-11 23:56:54"),
  (39,111158,"2017-11-11 23:58:54"),
  (39,111256,"2017-11-12 23:56:54"),
  (39,111258,"2017-11-12 23:58:54"),
  (39,111356,"2017-11-13 23:56:54"),
  (39,111358,"2017-11-13 23:58:54"),
  (39,111456,"2017-11-14 23:56:54"),
  (39,111458,"2017-11-14 23:58:54"),
  (39,111556,"2017-11-15 23:56:54"),
  (39,111558,"2017-11-15 23:58:54"),
  (39,111656,"2017-11-16 23:56:54"),
  (39,111658,"2017-11-16 23:58:54"),
  (39,111756,"2017-11-17 23:56:54"),
  (39,111758,"2017-11-17 23:58:54"),
  (39,111856,"2017-11-18 23:56:54"),
  (39,111858,"2017-11-18 23:58:54"),
  (39,111956,"2017-11-19 23:56:54"),
  (39,111958,"2017-11-19 23:58:54"),
  (39,112056,"2017-11-20 23:56:54"),
  (39,112058,"2017-11-20 23:58:54"),
  (39,112156,"2017-11-21 23:56:54"),
  (39,112158,"2017-11-21 23:58:54"),
  (39,112256,"2017-11-22 23:56:54"),
  (39,112258,"2017-11-22 23:58:54"),
  (39,112356,"2017-11-23 23:56:54"),
  (39,112358,"2017-11-23 23:58:54"),
  (39,112456,"2017-11-24 23:56:54"),
  (39,112458,"2017-11-24 23:58:54"),
  (39,112556,"2017-11-25 23:56:54"),
  (39,112558,"2017-11-25 23:58:54"),
  (39,112656,"2017-11-26 23:56:54"),
  (39,112658,"2017-11-26 23:58:54");

INSERT INTO water_meter_record (water_info_id, consumption,read_time) VALUES
  (40,100156,"2017-10-01 23:56:54"),
  (40,100158,"2017-10-01 23:58:54"),
  (40,100256,"2017-10-02 23:56:54"),
  (40,100258,"2017-10-02 23:58:54"),
  (40,100356,"2017-10-03 23:56:54"),
  (40,100656,"2017-10-06 23:56:54"),
  (40,100658,"2017-10-06 23:58:54"),
  (40,100756,"2017-10-07 23:56:54"),
  (40,100758,"2017-10-07 23:58:54"),
  (40,100856,"2017-10-08 23:56:54"),
  (40,100858,"2017-10-08 23:58:54"),
  (40,100956,"2017-10-09 23:56:54"),
  (40,100958,"2017-10-09 23:58:54"),
  (40,101056,"2017-10-10 23:56:54"),
  (40,101058,"2017-10-10 23:58:54"),
  (40,101156,"2017-10-11 23:56:54"),
  (40,101158,"2017-10-11 23:58:54"),
  (40,101256,"2017-10-12 23:56:54"),
  (40,101258,"2017-10-12 23:58:54"),
  (40,101356,"2017-10-13 23:56:54"),
  (40,101856,"2017-10-18 23:56:54"),
  (40,101858,"2017-10-18 23:58:54"),
  (40,101956,"2017-10-19 23:56:54"),
  (40,101958,"2017-10-19 23:58:54"),
  (40,102056,"2017-10-20 23:56:54"),
  (40,102058,"2017-10-20 23:58:54"),
  (40,102156,"2017-10-21 23:56:54"),
  (40,102158,"2017-10-21 23:58:54"),
  (40,102256,"2017-10-22 23:56:54"),
  (40,102558,"2017-10-25 23:58:54"),
  (40,102656,"2017-10-26 23:56:54"),
  (40,102658,"2017-10-26 23:58:54"),
  (40,102756,"2017-10-27 23:56:54"),
  (40,102758,"2017-10-27 23:58:54"),
  (40,102856,"2017-10-28 23:56:54"),
  (40,102858,"2017-10-28 23:58:54"),
  (40,102956,"2017-10-29 23:56:54"),
  (40,102958,"2017-10-29 23:58:54"),
  (40,103056,"2017-10-30 23:56:54"),
  (40,103058,"2017-10-30 23:58:54"),
  (40,103156,"2017-10-31 23:56:54"),
  (40,103158,"2017-10-31 23:58:54"),
  (40,110156,"2017-11-01 23:56:54"),
  (40,110158,"2017-11-01 23:58:54"),
  (40,110256,"2017-11-02 23:56:54"),
  (40,110258,"2017-11-02 23:58:54"),
  (40,110356,"2017-11-03 23:56:54"),
  (40,110358,"2017-11-03 23:58:54"),
  (40,110456,"2017-11-04 23:56:54"),
  (40,110458,"2017-11-04 23:58:54"),
  (40,110556,"2017-11-05 23:56:54"),
  (40,110558,"2017-11-05 23:58:54"),
  (40,110656,"2017-11-06 23:56:54"),
  (40,110658,"2017-11-06 23:58:54"),
  (40,110756,"2017-11-07 23:56:54"),
  (40,110758,"2017-11-07 23:58:54"),
  (40,110856,"2017-11-08 23:56:54"),
  (40,110858,"2017-11-08 23:58:54"),
  (40,110956,"2017-11-09 23:56:54"),
  (40,110958,"2017-11-09 23:58:54"),
  (40,111056,"2017-11-10 23:56:54"),
  (40,111058,"2017-11-10 23:58:54"),
  (40,111156,"2017-11-11 23:56:54"),
  (40,111556,"2017-11-15 23:56:54"),
  (40,111558,"2017-11-15 23:58:54"),
  (40,111656,"2017-11-16 23:56:54"),
  (40,111658,"2017-11-16 23:58:54"),
  (40,111756,"2017-11-17 23:56:54"),
  (40,111758,"2017-11-17 23:58:54"),
  (40,111856,"2017-11-18 23:56:54"),
  (40,111858,"2017-11-18 23:58:54"),
  (40,111956,"2017-11-19 23:56:54"),
  (40,111958,"2017-11-19 23:58:54"),
  (40,112056,"2017-11-20 23:56:54"),
  (40,112456,"2017-11-24 23:56:54"),
  (40,112458,"2017-11-24 23:58:54"),
  (40,112556,"2017-11-25 23:56:54"),
  (40,112558,"2017-11-25 23:58:54"),
  (40,112656,"2017-11-26 23:56:54"),
  (40,112658,"2017-11-26 23:58:54");

INSERT INTO water_meter_record (water_info_id, consumption,read_time) VALUES
  (37,110156,"2017-11-01 23:56:54"),
  (37,110158,"2017-11-01 23:58:54"),
  (37,110256,"2017-11-02 23:56:54"),
  (37,110258,"2017-11-02 23:58:54"),
  (37,110356,"2017-11-03 23:56:54"),
  (37,110358,"2017-11-03 23:58:54"),
  (37,110456,"2017-11-04 23:56:54"),
  (37,110458,"2017-11-04 23:58:54"),
  (37,110556,"2017-11-05 23:56:54"),
  (37,110558,"2017-11-05 23:58:54"),
  (37,110656,"2017-11-06 23:56:54"),
  (37,110658,"2017-11-06 23:58:54"),
  (37,110756,"2017-11-07 23:56:54"),
  (37,110758,"2017-11-07 23:58:54"),
  (37,110856,"2017-11-08 23:56:54"),
  (37,110858,"2017-11-08 23:58:54"),
  (37,110956,"2017-11-09 23:56:54"),
  (37,110958,"2017-11-09 23:58:54"),
  (37,111056,"2017-11-10 23:56:54"),
  (37,111058,"2017-11-10 23:58:54"),
  (37,111156,"2017-11-11 23:56:54"),
  (37,111158,"2017-11-11 23:58:54"),
  (37,111256,"2017-11-12 23:56:54"),
  (37,111258,"2017-11-12 23:58:54"),
  (37,111356,"2017-11-13 23:56:54"),
  (37,111358,"2017-11-13 23:58:54"),
  (37,111456,"2017-11-14 23:56:54"),
  (37,111458,"2017-11-14 23:58:54"),
  (37,111556,"2017-11-15 23:56:54"),
  (37,111558,"2017-11-15 23:58:54"),
  (37,111656,"2017-11-16 23:56:54"),
  (37,111658,"2017-11-16 23:58:54"),
  (37,111756,"2017-11-17 23:56:54"),
  (37,111758,"2017-11-17 23:58:54"),
  (37,111856,"2017-11-18 23:56:54"),
  (37,111858,"2017-11-18 23:58:54"),
  (37,111956,"2017-11-19 23:56:54"),
  (37,111958,"2017-11-19 23:58:54"),
  (37,112056,"2017-11-20 23:56:54"),
  (37,112058,"2017-11-20 23:58:54"),
  (37,112156,"2017-11-21 23:56:54"),
  (37,112158,"2017-11-21 23:58:54"),
  (37,112256,"2017-11-22 23:56:54"),
  (37,112258,"2017-11-22 23:58:54"),
  (37,112356,"2017-11-23 23:56:54"),
  (37,112358,"2017-11-23 23:58:54"),
  (37,112456,"2017-11-24 23:56:54"),
  (37,112458,"2017-11-24 23:58:54"),
  (37,112556,"2017-11-25 23:56:54"),
  (37,112558,"2017-11-25 23:58:54"),
  (37,112656,"2017-11-26 23:56:54"),
  (37,112658,"2017-11-26 23:58:54");